N,Seq_ms,Par1_ms,Speedup
500,8.73062,8.97532,0.972736
1000,18.7276,18.9947,0.985937
1500,33.253,34.168,0.973221
2000,49.2309,49.9679,1.01497
2500,67.0423,69.0091,0.9715
3000,95.6206,99.6269,0.959787
3500,131.152,136.551,0.960458
4000,175.648,179.64,0.985739
